﻿<?xml version="1.0" encoding="utf-8"?>
<MediaImport xmlns:xsd="http://www.w3.org/2001/XMLSchema" xmlns:xsi="http://www.w3.org/2001/XMLSchema-instance">
  <MediaType name="ImageMediaData">
    <ContentType>EPiServer.Reference.Commerce.Site.Features.Media.Models.ImageMediaData, EPiServer.Reference.Commerce.Site</ContentType>
  </MediaType>
  <MediaGroup mediaTypeName="ImageMediaData">
    <Media>
      <IntegrationId>TEST_IMAGE3</IntegrationId>
      <Name>Test Media with Binary Content in Archive</Name>
      <BlobContent>
        <FileInArchive>Entry.jpg</FileInArchive>
      </BlobContent>
    </Media>
  </MediaGroup>
</MediaImport>
